tau_s,adev_K
5.000000000000000104e-03,9.753967208787474030e-01
1.000000000000000021e-02,6.942983143596134221e-01
1.499999999999999944e-02,5.730032394478190572e-01
2.000000000000000042e-02,5.036957762437460628e-01
2.500000000000000139e-02,4.590673389867510612e-01
2.999999999999999889e-02,4.284272046963810698e-01
4.000000000000000083e-02,3.909737914287315097e-01
5.000000000000000278e-02,3.713326866891245026e-01
6.500000000000000222e-02,3.586614085840051369e-01
8.500000000000000611e-02,3.581656540913663589e-01
1.150000000000000050e-01,3.728790093975072883e-01
1.449999999999999900e-01,3.948515905101627754e-01
1.900000000000000022e-01,4.314982780409241103e-01
2.449999999999999956e-01,4.763955350926184495e-01
3.200000000000000067e-01,5.341339895489755074e-01
4.099999999999999756e-01,5.973923725046186295e-01
5.350000000000000311e-01,6.761195981197578586e-01
6.949999999999999512e-01,7.652922285202391484e-01
9.000000000000000222e-01,8.658874492159527314e-01
1.165000000000000036e+00,9.798526668487467228e-01
1.510000000000000009e+00,1.110436535256283053e+00
1.955000000000000071e+00,1.259037373139888505e+00
2.535000000000000142e+00,1.428086385451022178e+00
3.285000000000000142e+00,1.612564494239458135e+00
4.259999999999999787e+00,1.808808845205861049e+00
5.525000000000000355e+00,2.014520266831685280e+00
7.160000000000000142e+00,2.229192880302086177e+00
9.279999999999999361e+00,2.446287051149769631e+00
1.202999999999999936e+01,2.641651599077350809e+00
1.559500000000000064e+01,2.787716011312169950e+00
2.021999999999999886e+01,2.842341253382876687e+00
2.621000000000000085e+01,2.778673723183780808e+00
3.397500000000000142e+01,2.618064845764610293e+00
4.404500000000000171e+01,2.434580488195313919e+00
5.709499999999999886e+01,2.246128119884277297e+00
7.401500000000000057e+01,2.043388819903934284e+00
9.594499999999999318e+01,1.793129884037799382e+00
1.243750000000000000e+02,1.512686993959003301e+00
1.612299999999999898e+02,1.211303807983376224e+00
2.090049999999999955e+02,1.016138035113278937e+00
2.709350000000000023e+02,9.682074665726378981e-01
3.512200000000000273e+02,8.268048631286204486e-01
4.552900000000000205e+02,6.393478234332937715e-01
5.902050000000000409e+02,4.351473785869979793e-01
7.650900000000000318e+02,3.933515043832135905e-01
9.917999999999999545e+02,3.724532880617911768e-01
1.285690000000000055e+03,3.522663666892778545e-01
1.666664999999999964e+03,3.917117079015838277e-01
